AI,wins,wins V losers,wins V dumbbots,wins V 1, wins V 2,wins V 3,wins V 4,wins V 5, avg turns taken to win,avg attacks per turn, avg position
BorderControl,87.0,59.0,28.0,33.0,0.0,24.0,21.0,9.0,18.551724137931036,7.372289156626506,2.230769230769231,143.0
CommunistAggressive,124.0,88.0,36.0,31.0,26.0,25.0,21.0,21.0,47.29838709677419,3.622593365808397,1.715151515151515,165.0
CommunistDefensive,141.0,94.0,47.0,32.0,31.0,28.0,27.0,23.0,101.9290780141844,2.2880864522930944,1.6631016042780749,187.0
Boss,160.0,110.0,50.0,34.0,34.0,39.0,30.0,23.0,23.15,5.654777704047777,1.4866310160427807,187.0
