AI,wins,wins V losers,wins V dumbbots,wins V 1, wins V 2,wins V 3,wins V 4,wins V 5, avg turns taken to win,avg attacks per win,avg position -6 players, win percentage,count,losercount,dbcount
BorderControl,127.0,81.0,46.0,48.0,0.0,37.0,27.0,15.0,19.20472440944882,11.518245182451825,2.2850467289719627,59.345794392523366,214.0,61.832061068702295,55.42168674698795
CommunistAggressive,198.0,125.0,73.0,46.0,42.0,40.0,37.0,33.0,62.96969696969697,3.140118703881938,1.572,79.2,250.0,80.64516129032258,76.84210526315789
CommunistDefensive,202.0,130.0,72.0,49.0,47.0,42.0,36.0,28.0,87.39603960396039,2.525093463237793,1.7195571955719557,74.53874538745387,271.0,81.25,64.86486486486487
Boss,234.0,153.0,81.0,50.0,50.0,54.0,45.0,35.0,21.534188034188034,7.467751538003572,1.4705882352941178,86.02941176470588,272.0,95.625,72.32142857142857
Swapper,132.0,68.0,64.0,36.0,33.0,32.0,21.0,10.0,29.053030303030305,7.44980443285528,1.947867298578199,62.55924170616114,211.0,57.6271186440678,68.81720430107528
